name,email,mobile
Rogers,aubrey@live.com,985-892-6589
Flores,s.flores74@gmail.com,272-743-9571
White,john.g.white@rocketmail.com,828-232-1856
Thomas,oliver.scott.thomas@aol.com,469-577-7976
Carter,k.carter@live.com,440-741-0008
Perez,o.e.perez@yahoo.com,716-112-8426
Evans,joshua_joseph_evans99@outlook.com,636-927-1463
Thomas,patrick_james_thomas@yahoo.com,901-323-2680
Perry,k_perry@live.com,773-859-2994
Simmons,a_simmons@aol.com,860-693-4145
Walker,ewalker@rocketmail.com,610-523-9115
Sanchez,taylor_sanchez@hotmail.com,815-240-9691
Cook,c.cook@ymail.com,940-958-0259
Clark,m_s@live.com,775-082-9410
Lopez,z_lopez@yahoo.com,218-363-6046
Kelly,avam@rocketmail.com,440-145-2445
Martin,jack.martin@rocketmail.com,312-191-3622
Hall,ashley_r@hotmail.com,601-513-6751
Johnson,s.l@rocketmail.com,989-021-3131
Jenkins,michael.m.jenkins@rocketmail.com,956-011-3576
Jackson,a_jackson52@hotmail.com,818-038-6333
Sanchez,sarah_a_sanchez@live.com,713-104-4240
Moore,dylanjamesmoore@yahoo.com,626-121-5729
Richardson,j.r.richardson@hotmail.com,223-049-2386
Howard,kelsey_may_howard@gmail.com,336-310-8057
Brooks,laurenbrooks@rocketmail.com,718-002-5699
Murphy,anthony_a_murphy@live.com,510-987-9179
Cooper,m.cooper@outlook.com,708-297-1521
Morgan,n.j.morgan@rocketmail.com,501-521-2803
Hernandez,jonathan@aol.com,862-148-7919
Peterson,haleymichelle@rocketmail.com,240-809-8741
Johnson,krjohnson@outlook.com,916-653-2861
Barnes,anna_barnes@hotmail.com,719-296-1346
Robinson,m_d_robinson@gmail.com,385-705-8780
Howard,clairehoward@yahoo.com,678-818-9348
Brown,sara_brown@aol.com,812-373-8573
Foster,n_foster@rocketmail.com,567-836-7205
Rodriguez,samantha24@live.com,248-838-1580
Powell,m_g_powell@aol.com,413-219-5226
Thompson,jjthompson@outlook.com,743-955-7049
Foster,m_j@outlook.com,984-011-0210
Parker,seanparker@rocketmail.com,801-362-3868
Cook,ckcook@aol.com,915-972-8093
King,chelsea_irene@live.com,309-220-3024
Russell,taylorrussell@yahoo.com,650-247-4414
Rivera,thomas@yahoo.com,267-512-0719
Lopez,ethan@rocketmail.com,440-041-0470
Price,ethan@outlook.com,424-985-6953
Jenkins,s.jenkins48@yahoo.com,762-922-3650
Reed,a_l_reed@live.com,860-411-2937
Stewart,natalie_m@aol.com,305-706-7644
Hill,oliviamhill44@aol.com,540-763-9870
Butler,t_butler@ymail.com,212-134-6378
Ward,c.ward@yahoo.com,332-454-0107
Ross,j.l.ross@rocketmail.com,253-971-6406
Simmons,gabrielrsimmons@ymail.com,540-883-6442
Watson,mary_watson@yahoo.com,847-805-2700
Griffin,clgriffin@live.com,618-431-9299
Richardson,briannaf@rocketmail.com,253-821-6617
Alexander,h.alexander@aol.com,424-112-8795
Wilson,stephen.a.wilson@aol.com,609-360-2652
Rogers,gmrogers86@hotmail.com,859-285-2088
Rogers,a_rogers@aol.com,628-982-6917
Adams,joshua.adams@yahoo.com,614-015-3617
Edwards,tyleredwards@outlook.com,713-910-7465
Hall,abigail_may_hall65@live.com,689-517-5757
Davis,h_l_davis86@ymail.com,970-044-3284
Lee,andrew_allen_lee@outlook.com,628-234-3903
Parker,tiffanyparker@ymail.com,701-767-3334
Phillips,cphillips@ymail.com,302-801-2485
Phillips,sarahfaithphillips@gmail.com,607-032-4493
Johnson,e.johnson@outlook.com,201-459-8164
Henderson,nathan.henderson@yahoo.com,229-081-3988
Harris,m_harris@hotmail.com,458-698-3200
Simmons,l.simmons@gmail.com,504-903-9007
Henderson,ahenderson@hotmail.com,540-980-1903
Williams,n.williams@hotmail.com,206-628-5381
Gonzales,mgonzales@hotmail.com,931-875-8185
Carter,icarter9@rocketmail.com,563-452-2157
Stewart,rebeccastewart@gmail.com,703-895-7672
Barnes,t.barnes@yahoo.com,703-976-4779
Phillips,j_phillips@ymail.com,360-140-4903
Hernandez,nathanahernandez22@yahoo.com,725-943-5618
Carter,w.m.carter23@yahoo.com,231-374-4602
Wilson,amelia@ymail.com,941-825-5538
Nelson,rebecca_nelson@outlook.com,667-464-1947
Parker,oliviaparker@hotmail.com,828-969-0060
Hayes,a_l75@live.com,415-639-4016
Perez,sophia.perez@rocketmail.com,424-689-0604
Martinez,jemartinez@hotmail.com,949-549-1643
Stewart,a.stewart@ymail.com,910-021-5951
Miller,stephen_edward_miller@hotmail.com,620-815-3377
Howard,timothyhoward@aol.com,813-889-1926
Diaz,s.diaz@ymail.com,970-017-7084
Jenkins,p.jenkins@outlook.com,479-460-8689
Richardson,n.r.richardson42@rocketmail.com,440-169-7524
Gray,amelia.gray59@gmail.com,216-512-3376
Turner,kturner@live.com,931-794-7007
Torres,j.torres@ymail.com,321-504-0363
Ramirez,a.ramirez@live.com,515-089-6645
