1,Broom And Brush Rack Black,129191
2,Ocean Spray - Kiwi Strawberry,285250
3,"Tart Shells - Savory, 3",432538
4,Dish Towel,67315
5,Bread - Rosemary Focaccia,451899
6,Parasol Pick Stir Stick,151482
7,Seabream Whole Farmed,269302
8,"Stock - Veal, White",96357
9,Wine - Touraine Azay - Le - Rideau,139983
10,Mountain Dew,387455
11,Flour - Fast / Rapid,217161
12,Initation Crab Meat,44813
13,Sugar - Crumb,192069
14,Chocolate - Unsweetened,119386
15,Bread - Italian Sesame Poly,273928
16,Tomatoes - Grape,294049
17,Cocoa Butter,258868
18,"Pineapple - Canned, Rings",228841
19,Yoghurt Tubes,322315
20,"Pasta - Canelloni, Single Serve",135042
21,Thermometer Digital,275299
22,Silicone Paper 16.5x24,59075
23,Chips - Doritos,120132
24,Chocolate Bar - Smarties,410778
25,Kiwi Gold Zespri,463428
26,Wine - Ej Gallo Sierra Valley,100684
27,"Wine - Red, Antinori Santa",473907
28,Cake - Miini Cheesecake Cherry,378246
29,Sugar Thermometer,319562
30,Cabbage Roll,106695
31,Ecolab - Hand Soap Form Antibac,308986
32,Wine - Delicato Merlot,437508
33,Flour - Pastry,396840
34,"Iced Tea - Lemon, 340ml",453285
35,"Mushroom - Chanterelle, Dry",425504
36,Barramundi,289581
37,Chocolate Bar - Coffee Crisp,53765
38,Shortbread - Cookie Crumbs,394236
39,Oxtail - Cut,47246
40,Wine - Redchard Merritt,384609
41,Wine - Trimbach Pinot Blanc,175348
42,Bread - Italian Corn Meal Poly,97934
43,Wine - Rubyport,413864
44,"Asparagus - White, Fresh",229317
45,Soup - French Onion,486894
46,Island Oasis - Strawberry,371474
47,Cheese - Le Cheve Noir,183497
48,Orange - Tangerine,446327
49,Puree - Kiwi,164150
50,Bread - French Baquette,115308
51,Wine - Bouchard La Vignee Pinot,469567
52,"Lemonade - Strawberry, 591 Ml",212466
53,Cheese - Parmigiano Reggiano,347631
54,"Nut - Almond, Blanched, Sliced",314962
55,"Sugar - Sweet N Low, Individual",297557
56,Tomatoes,265555
57,Veal - Provimi Inside,99155
58,Puree - Mocha,348741
59,Yokaline,265446
60,"Soup - Knorr, Classic Can. Chili",365612
61,"Shrimp - 16/20, Peeled Deviened",285539
62,Wine - Barbera Alba Doc 2001,296763
63,Island Oasis - Cappucino Mix,135758
64,Crab Meat Claw Pasteurise,99240
65,"Pasta - Lasagne, Fresh",207903
66,Crackers Cheez It,133241
67,"Crab - Dungeness, Whole",252315
68,Kiwano,49152
69,Chinese Foods - Chicken,327757
70,Roe - White Fish,137616
71,Soup - Base Broth Beef,334334
72,"Asparagus - White, Fresh",303983
73,Fudge - Cream Fudge,248886
74,"Wine - White, Gewurtzraminer",442854
75,"Mushroom - Morels, Dry",109353
76,Ham Black Forest,395420
77,Pork Ham Prager,126569
78,Beef - Tender Tips,159441
79,Towel - Roll White,41820
80,"Wine - White, Pelee Island",191629
81,Wine - Cabernet Sauvignon,318138
82,Sobe - Cranberry Grapefruit,85480
83,"Chicken - Diced, Cooked",393790
84,Wine - Chateau Aqueria Tavel,301780
85,Muffin - Mix - Creme Brule 15l,314727
86,Turkey - Ground. Lean,169942
87,Wine - Magnotta - Bel Paese White,40707
88,"Sugar - Sweet N Low, Individual",349082
89,Allspice - Jamaican,146184
90,Sole - Fillet,255498
91,Tray - 16in Rnd Blk,284431
92,Sprouts - Peppercress,296384
93,Venison - Racks Frenched,152031
94,Caviar - Salmon,458676
95,"Bread - White, Unsliced",77018
96,"Beans - Navy, Dry",84265
97,Halibut - Fletches,99834
98,"Doilies - 10, Paper",455280
99,Olives - Morracan Dired,495867
100,"Wine - White, Pinot Grigio",161836
